2024-04-06 00:45:16,https://wgxls.site,True,85
2024-04-06 00:45:17,https://1881997.xyz,True,43
2024-04-06 00:52:03,https://wgxls.site,True,85
2024-04-06 00:52:04,https://1881997.xyz,True,43
2024-04-06 00:55:27,https://wgxls.site,True,85
2024-04-06 00:55:28,https://1881997.xyz,True,43
2024-04-06 09:10:26,https://wgxls.site,True,85
2024-04-06 09:10:26,https://1881997.xyz,True,43
2024-04-06 09:10:27,https://blog.wgxls.eu.org:86,False,-1
2024-04-06 09:11:30,https://wgxls.site,True,85
2024-04-06 09:11:30,https://1881997.xyz,True,43
2024-04-06 09:11:30,https://blog.wgxls.eu.org:86,False,-1
2024-04-06 09:22:20,https://wgxls.site,True,85
2024-04-06 09:22:20,https://1881997.xyz,True,43
2024-04-06 09:22:20,https://blog.wgxls.eu.org:86,False,-1
2024-04-06 09:29:41,https://wgxls.site,True,85
2024-04-06 09:29:42,https://1881997.xyz,True,43
2024-04-06 09:29:42,https://blog.wgxls.eu.org:86,False,-1
2024-04-06 09:33:19,https://wgxls.site,True,85
2024-04-06 09:33:19,https://1881997.xyz,True,43
2024-04-06 09:33:19,https://blog.wgxls.eu.org:86,False,-1
2024-04-06 09:35:27,https://wgxls.site,True,85
2024-04-06 09:35:27,https://1881997.xyz,True,43
2024-04-06 09:35:28,https://blog.wgxls.eu.org:86,False,-1
2024-04-06 09:43:46,https://wgxls.site,True,85
2024-04-06 09:43:47,https://1881997.xyz,True,43
2024-04-06 09:43:47,https://blog.wgxls.eu.org:86,False,-1
2024-04-06 09:50:49,https://wgxls.site,True,85
2024-04-06 09:50:49,https://1881997.xyz,True,43
2024-04-06 09:50:49,https://blog.wgxls.eu.org:86,False,-1
2024-04-06 17:55:01,https://wgxls.site,True,85
2024-04-06 17:55:03,https://1881997.xyz,True,43
2024-04-06 17:55:04,https://blog.wgxls.eu.org:86,False,-1
2024-04-06 10:23:37,https://wgxls.site,True,85
2024-04-06 10:23:38,https://1881997.xyz,True,43
2024-04-06 10:23:38,https://blog.wgxls.eu.org:86,False,-1
2024-04-06 10:28:31,https://wgxls.site,True,85
2024-04-06 10:28:31,https://1881997.xyz,True,43
2024-04-06 10:28:31,https://blog.wgxls.eu.org:86,False,-1
2024-04-06 10:39:10,https://wgxls.site,True,85
2024-04-06 10:39:10,https://1881997.xyz,True,43
2024-04-06 10:39:10,https://blog.wgxls.eu.org:86,False,-1
2024-04-06 10:49:32,https://wgxls.site,True,85
2024-04-06 10:49:33,https://1881997.xyz,True,43
2024-04-06 10:49:33,https://blog.wgxls.eu.org:86,False,-1
2024-04-06 11:00:17,https://wgxls.site,True,85
2024-04-06 11:00:18,https://1881997.xyz,True,43
2024-04-06 11:00:18,https://blog.wgxls.eu.org:86,False,-1
2024-04-06 11:14:38,https://wgxls.site,True,85
2024-04-06 11:14:38,https://1881997.xyz,True,43
2024-04-06 11:14:39,https://blog.wgxls.eu.org:86,False,-1
2024-04-06 11:24:59,https://wgxls.site,True,85
2024-04-06 11:25:00,https://1881997.xyz,True,43
2024-04-06 11:25:00,https://blog.wgxls.eu.org:86,False,-1
2024-04-06 11:35:50,https://wgxls.site,True,85
2024-04-06 11:35:50,https://1881997.xyz,True,43
2024-04-06 11:35:50,https://blog.wgxls.eu.org:86,False,-1
2024-04-06 11:46:06,https://wgxls.site,True,85
2024-04-06 11:46:06,https://1881997.xyz,True,43
2024-04-06 11:46:06,https://blog.wgxls.eu.org:86,False,-1
2024-04-06 11:56:35,https://wgxls.site,True,85
2024-04-06 11:56:35,https://1881997.xyz,True,43
2024-04-06 11:56:36,https://blog.wgxls.eu.org:86,False,-1
2024-04-06 11:59:30,https://wgxls.site,True,85
2024-04-06 11:59:30,https://1881997.xyz,True,43
2024-04-06 11:59:30,https://blog.wgxls.eu.org:86,False,-1
2024-04-06 12:27:34,https://wgxls.site,True,85
2024-04-06 12:27:35,https://1881997.xyz,True,43
2024-04-06 12:27:35,https://blog.wgxls.eu.org:86,False,-1
2024-04-06 12:39:27,https://wgxls.site,True,85
2024-04-06 12:39:27,https://1881997.xyz,True,43
2024-04-06 12:39:27,https://blog.wgxls.eu.org:86,False,-1
2024-04-06 12:53:25,https://wgxls.site,True,85
2024-04-06 12:53:25,https://1881997.xyz,True,43
2024-04-06 12:53:25,https://blog.wgxls.eu.org:86,False,-1
2024-04-06 13:13:14,https://wgxls.site,True,85
2024-04-06 13:13:14,https://1881997.xyz,True,43
2024-04-06 13:13:14,https://blog.wgxls.eu.org:86,False,-1
2024-04-06 13:24:43,https://wgxls.site,True,85
2024-04-06 13:24:43,https://1881997.xyz,True,43
2024-04-06 13:24:43,https://blog.wgxls.eu.org:86,False,-1
2024-04-06 13:36:34,https://wgxls.site,True,85
2024-04-06 13:36:34,https://1881997.xyz,True,43
2024-04-06 13:36:34,https://blog.wgxls.eu.org:86,False,-1
2024-04-06 13:48:47,https://wgxls.site,True,85
2024-04-06 13:48:48,https://1881997.xyz,True,43
2024-04-06 13:48:48,https://blog.wgxls.eu.org:86,False,-1
2024-04-06 14:00:33,https://wgxls.site,True,84
2024-04-06 14:00:33,https://1881997.xyz,True,43
2024-04-06 14:00:33,https://blog.wgxls.eu.org:86,False,-1
2024-04-06 14:18:46,https://wgxls.site,True,84
2024-04-06 14:18:46,https://1881997.xyz,True,43
2024-04-06 14:18:46,https://blog.wgxls.eu.org:86,False,-1
2024-04-06 14:30:24,https://wgxls.site,True,84
2024-04-06 14:30:24,https://1881997.xyz,True,43
2024-04-06 14:30:25,https://blog.wgxls.eu.org:86,False,-1
2024-04-06 14:42:28,https://wgxls.site,True,84
2024-04-06 14:42:28,https://1881997.xyz,True,43
2024-04-06 14:42:29,https://blog.wgxls.eu.org:86,False,-1
2024-04-06 14:54:30,https://wgxls.site,True,84
2024-04-06 14:54:30,https://1881997.xyz,True,43
2024-04-06 14:54:30,https://blog.wgxls.eu.org:86,False,-1
2024-04-06 15:14:10,https://wgxls.site,True,84
2024-04-06 15:14:10,https://1881997.xyz,True,43
2024-04-06 15:14:10,https://blog.wgxls.eu.org:86,False,-1
2024-04-06 15:25:13,https://wgxls.site,True,84
2024-04-06 15:25:13,https://1881997.xyz,True,43
2024-04-06 15:25:14,https://blog.wgxls.eu.org:86,False,-1
